,user_name,track,time_played
0,6d6f7274686f6e,The Leper Affinity,2019-01-01 10:41:51
1,Adsky_traktor,Сердце с долгом разлучается,2019-01-01 09:24:44
2,AllSparks,Fever,2019-01-02 08:48:19
3,AlwinHummels,Geef me je angst,2019-02-24 11:40:47
4,Arcor,Exsultate Justi,2019-01-01 01:22:23
5,AscendedGravity,Amoeba,2019-01-01 23:01:17
6,Bezvezenator,Devour,2019-01-01 06:19:22
7,BiamBioum,Beirut (14.12.16 - Live in Paris),2019-01-07 13:56:07
8,BlackGauna,Visionz,2019-01-01 18:36:09
9,Boris_Neo,Keep You Close,2019-01-22 16:48:27
10,BornabeWylde,Wow.,2019-04-14 14:01:05
11,Bound2Fate,Home Invasion,2019-01-01 00:07:01
12,Canis_L_Sapien,Wolves,2019-01-03 08:39:29
13,Cl�psHydra,Hym,2019-01-01 13:09:35
14,Cooked_Bread,All These Things I Hate (Revolve Around Me),2019-02-14 03:07:36
15,CraxorAdam,Prophecy,2019-02-25 17:33:36
16,DJ.Xcite,Top 20,2019-01-02 00:27:26
17,Dazzel,The Departure,2019-01-03 10:26:56
18,Devvy,Stop Torturing Me,2019-02-21 00:23:38
19,DivineNightmare,Birdie,2019-02-24 20:32:53
20,Dreamkeeper,Jenkins: Cú Chullain,2019-01-09 14:23:48
21,Grawl,Lavender (Nightfall Remix),2019-01-01 03:56:29
22,Groschi,Chuff,2019-01-25 16:19:37
23,IICUX,No One Knows,2019-01-09 14:31:47
24,InvincibleAsia,Love Hurts,2019-01-01 09:49:09
25,JVTV,Dreams,2019-02-26 15:37:10
26,Jaklie,False Confidence,2019-01-03 23:41:08
27,JuicyP,限界突破 G-beat (IGNITED arrangement),2019-02-17 18:39:33
28,Julk77,Pretty Little Fucker,2019-02-17 13:16:51
29,Kluuz,TalkTalk,2019-02-17 03:04:24
30,Kurogal,君色に染まる ～アース･スター ドリームver.～,2019-01-01 08:53:24
31,Leonivek,Crystallized,2019-01-01 00:02:42
32,LordCatzorz,Learn to Fly,2019-01-03 12:24:17
33,Luis2oh9,Experience the Challenge,2019-04-13 09:40:25
34,Matt0721,OK!,2019-02-20 01:34:19
35,Mexikola,Still Clean,2019-02-23 12:55:40
36,N1CK3Y,Shitstorm,2019-01-01 00:00:48
37,NichoBI,by everyone,2019-01-01 15:12:39
38,PPV,Новый Баланс,2019-01-09 06:36:02
39,Paszt,Poison Love,2019-01-01 02:38:40
40,PersonalServices,Bass Line,2019-02-20 22:08:34
41,PeterK52,Heart,2019-01-01 00:44:38
42,RScholar,Just Give Me a Reason,2019-01-02 22:30:22
43,Reisen Udongein Inaba,砂のこども,2019-01-01 17:07:00
44,RomaKoks,Про красивую жизнь,2019-01-01 00:03:08
45,Roy Page Join Damage,#Killstream: New Year's Eve + the Top Ten Moments of 2018,2019-01-01 04:01:16
46,SadGen,Anathema,2019-02-24 23:56:21
47,SchallundRauch,You Couldn't See This Coming,2019-04-13 15:09:41
48,Shikv,Forecast for Today,2019-02-22 19:22:40
49,Shunpike,Kodac Moment,2019-01-04 15:48:04
50,Silent Singer,Mr. Tillman,2019-01-01 03:08:22
51,Silentix,Stratosphere,2019-01-01 02:36:06
52,Somasis,White Gloves,2019-01-14 04:20:59
53,Starjames77,See the Sun (feat. Sir J),2019-02-18 03:07:34
54,TRFFT,DJ Cam & DJ Cam Quartet - New York New York_1545697986434.mp3,2019-03-07 21:10:08
55,TheBrightLord,Foot Fungus,2019-02-24 18:37:38
56,Tinymeat,A deep sea meditation experience,2019-01-01 13:58:56
57,TyberZ52,Bandito,2019-01-01 05:29:05
58,WaldemarXXIII,Im Ayrogh Vshdits,2019-01-01 14:34:18
59,WilhelmStroker,Trotting Hamutaro,2019-01-02 12:20:16
60,Wolfynight,Brainless,2019-01-01 01:39:41
61,Xythium,Starcrash,2019-03-31 19:58:25
62,YOGURTBASTARD,Duchess,2019-01-01 02:27:17
63,Zastai,Fear,2019-01-07 08:03:42
64,[kol],My Syrup,2019-01-01 00:57:31
65,adamstewiegreen,42,2019-02-20 11:33:51
66,aka_caim,Joy of a Toy Continued,2019-01-02 16:55:51
67,alsk,The Classical,2019-01-01 00:08:28
68,amit94302,End Game,2019-01-01 10:53:58
69,anderson9339,Since I've Been Loving You,2019-01-01 00:08:03
70,andrew_j_w,Prelude,2019-01-01 08:32:36
71,anoubis,Nightflyers Main Title,2019-01-03 12:53:52
72,arcadian99,Crying,2019-02-21 12:23:16
73,augustohp,Thrasher,2019-01-02 00:38:16
74,bdule2015,Parado no Bailão,2019-02-20 20:05:02
75,beefkidney,POP/STARS (feat. Jaira Burns & League of Legends),2019-01-02 12:20:39
76,bemeurer,Adult Diversion,2019-01-10 10:49:34
77,bojarin3,Marionette,2019-02-27 03:30:42
78,bonedriven,Everything Zen (The Lhasa Fever Mix),2019-02-26 11:02:33
79,boozerok,Bad Boy For Life,2019-04-12 14:29:51
80,budkin,Rust,2019-01-01 09:34:55
81,c1ph4,10 Kugutsuuta kagirohi ha yomi ni mata muto,2019-01-03 19:11:22
82,calexzander,The Reason Is?,2019-02-27 23:07:31
83,calvariometal,monday.com,2019-02-21 06:30:09
84,chacawaca,Retour à l'institut,2019-02-17 15:08:04
85,chime95,Act II: Scene Seven: I. The Dance of Eternity,2019-02-17 09:05:36
86,cimualte,Telecaster Stripes (Capacity Version),2019-01-02 07:37:25
87,cirfis,Crossing the Frame,2019-01-13 02:23:07
88,clinford86,Hush Little Baby,2019-01-01 18:06:37
89,craighoog,Waterwings (And Other Pool Side Fashion Faux Pas),2019-01-03 19:56:44
90,davenportm,Wild Horses - Acoustic,2019-01-01 01:48:32
91,demize,The End,2019-01-01 19:37:30
92,deromemont,Hold Up,2019-02-27 09:43:53
93,dertasiu,Never Gonna Make (Factory Dance Team mix),2019-01-01 00:04:37
94,dgdr.au,From Hank to Hendrix,2019-03-14 10:16:23
95,doronbehar,April in Paris,2019-01-06 07:16:03
96,drakesteele,3 Libras,2019-02-18 19:49:57
97,drpfenderson,The Court of the Crimson King,2019-01-01 06:48:13
98,dwsupport,no tears left to cry,2019-01-01 12:33:22
99,elwillow,Beethoven - Für Elise,2019-02-24 17:34:14
100,flamingspinach,きみについて,2019-02-21 21:49:29
101,fourk,Infinity,2019-01-02 08:57:24
102,gifflen,...Of Your Fake Dimension,2019-02-20 20:36:55
103,gobinathm,Nalam Nalam Ariya Aaval,2019-02-08 19:24:13
104,gondoi,Sunflower (Spider-Man: Into the Spider-Verse),2019-01-09 16:31:04
105,gvroon,Going Down (Live Recording -- Ann Arbor Blues and Jazz Festival),2019-02-26 14:01:08
106,gwmaclean,Vindication - Zardonic Remix,2019-02-25 12:41:04
107,haeckle,Late Autumn,2019-01-02 11:22:50
108,hamakedarayanai,I Can't Sleep,2019-01-01 01:36:43
109,hangy,Nicht von dieser Welt,2019-01-02 10:46:20
110,hds,Love Within Beauty,2019-03-02 06:36:56
111,hellonurse,All The Stars,2019-02-23 20:49:08
112,iknowzo,Tenere Taqhim Tossam (feat. Tunde Adebimpe & Kyp Malone),2019-02-27 01:13:50
113,inhji,Cthulhu,2019-01-01 00:24:08
114,intrnl,harmony ribbon,2019-01-06 15:09:52
115,irnchkn,161: Christmas drinks with Dan Lloyd,2019-01-01 09:09:25
116,isuguitar12,Traveling On,2019-01-02 17:10:34
117,j-ha,Par Avion,2019-02-27 09:02:58
118,jaycedk,Death or Glory,2019-02-28 08:12:43
119,jck2,GOLDEN CHORDS,2019-01-02 15:35:58
120,jd_,Lighthouse,2019-01-02 05:43:56
121,jelera,Gin And Juice (Feat. Dat Nigga Daz),2019-01-01 23:00:07
122,jin_tsu,Maria da Vila Matilde,2019-01-01 19:58:59
123,johnatanmoran,Not Equal (SKLT SLKTR Prod.),2019-03-10 16:28:29
124,joshuatly,哼情歌,2019-01-01 05:08:50
125,kemuel,Diamonds,2019-03-19 13:13:51
126,kingjan1999,Bratislava,2019-03-24 15:22:53
127,kingkool68,Worst Nightmare,2019-01-01 02:22:38
128,kirijin,Slow Rise,2019-02-04 08:17:12
129,kmontenegro,Work,2019-01-01 00:12:23
130,kori,A Fool Moon Night,2019-01-02 15:53:43
131,lcnaud,Sunday Bloody Sunday - Remastered 2008,2019-01-01 14:17:23
132,lee_cz,Emperor's New Clothes,2019-01-01 12:02:11
133,lemarac,Electronic Performers,2019-01-07 13:23:46
134,linkmath,"Taki Taki (part. Selena Gomez, Ozuna e Cardi B)",2019-01-16 22:28:10
135,longas,Фильм 2018,2019-01-02 10:22:41
136,lostmochiguman,Somewhere a Judge,2019-01-01 22:03:49
137,lunt,Intro,2019-01-02 08:26:48
138,lunu,Sea Groove,2019-02-20 12:30:58
139,m0rth0n,THRU THE VOID,2019-04-12 22:01:49
140,maeve1916,Freedom,2019-01-01 19:30:38
141,malsvent,Umbral [UPLIFTING TRANCE],2019-01-01 07:46:17
142,mankymusic,Lemniscaat: Refrain,2019-01-01 02:08:44
143,marcianofonseca,Trip,2019-01-19 14:50:55
144,martik,This Lullaby,2019-01-10 09:05:59
145,meashishsaini,Bambi,2019-01-04 12:05:16
146,meisterhauns,S.A.D.O.S. (feat. Jaq),2019-02-26 22:12:31
147,miketwiss,What Happened (mastered),2019-02-24 21:26:31
148,milk,Mind Ecology,2019-01-14 09:18:12
149,minkolazer,Empty stocking blues,2019-01-01 10:53:01
150,mnmontero,Viaje Al Infinito,2019-02-27 15:44:39
151,naesk,Running to the Sea,2019-01-02 16:52:33
152,nicholasbird,Are 'Friends' Electric?,2019-02-17 20:12:47
153,nitemice,Phoenix Wright ~ Objection!,2019-01-04 08:06:13
154,no31531,Make It Up to You,2019-01-01 12:31:00
155,nsarakas,Tsunami (Original Mix),2019-02-18 15:17:14
156,papabean,Renegades,2019-01-01 02:12:51
157,paxactor,Doom and Gloom,2019-02-21 00:27:23
158,pbm367,Not a Damn Thing Changed,2019-01-07 15:31:21
159,phamosus,Who Knew,2019-02-20 18:15:02
160,phdnk,Spectre,2019-01-02 12:17:59
161,plaxxx,Automat,2019-02-18 06:51:57
162,psyflac,De Usuahia a la Quiaca,2019-01-01 14:34:35
163,puigmald,Heroes,2019-01-14 00:24:11
164,pyromaniac,"American Pie, Part One",2019-01-01 01:33:48
165,reverbel,Revolution 1,2019-01-01 01:14:51
166,rmarais,Closed Minds,2019-02-19 18:18:26
167,rmcknt,Mama,2019-01-03 14:14:52
168,roman_rem,Deep Space,2019-02-26 10:54:33
169,rweb,Disco Yes,2019-01-01 00:03:08
170,satanshunger,Cartão de Visita,2019-01-01 16:38:56
171,shaneknysh,Waking Gods - Part 4,2019-01-01 08:02:33
172,shogazefan,"Pange linqua gloriosi, BuxWV 91",2019-02-25 18:27:21
173,slideyfoot,Are You That Kind of Girl?,2019-01-01 22:43:49
174,smreker,Feeling California,2019-04-13 07:55:25
175,soubrunoalmeida,End Game,2019-01-01 14:21:13
176,stormruben,Друг (ч.1),2019-01-01 21:32:48
177,stupidname,So You Wannabe an Outlaw,2019-01-01 14:18:07
178,supadood,Down To Earth (Sean Glass Remix),2019-02-26 19:55:11
179,swfloridadude,Bonus Tracks: Eskimo & Icebird Mega Mix,2019-01-01 21:29:29
180,tehpoison,В холодном просторе,2019-02-18 04:45:35
181,themono,White Christmas,2019-01-04 09:01:17
182,thesebas,On the Run,2019-01-01 19:12:17
183,thewabbit1,Happy Song,2019-02-18 20:28:54
184,thing-fish,Lou-Jean,2019-01-02 17:50:48
185,toastal,Breakerfall,2019-01-01 09:27:23
186,toby3d,For the Damaged Coda,2019-01-17 04:58:26
187,tozapid,Три дороги,2019-02-18 15:23:13
188,ukko12,Move On Up - Single Version,2019-01-01 10:04:02
189,uncoolusername532252,Lesson No. 2,2019-02-23 18:04:54
190,unexpected,Bubblin,2019-02-27 04:36:55
191,untotooku,Nine Nocturnes: Nocturne Three,2019-03-19 23:44:08
192,verfyjd,The Magic Number,2019-03-03 11:20:07
193,vitalikdobriy,Я из станицы,2019-02-21 09:14:08
194,welldread,Arizona,2019-01-31 09:28:59
195,whatisbetter,Need You Now,2019-01-01 08:13:39
196,xokoyotzin,First Time,2019-01-01 00:50:56
197,xvicarious,Beer Bucket List,2019-01-01 01:06:13
198,yellams,Hold You Under (feat. Marcus Bridge),2019-01-02 09:37:47
199,zebedeemcdougal,Roygbiv,2019-01-02 12:37:20
200,zergut,Chasing The Sun,2019-01-02 12:19:03
201,†AtzzkiySotona†,Meridian,2019-01-05 11:13:45
